<metadata__catalog__entry>
  <version>5.2.0.0</version>
  <types class="tree-map">
    <entry>
      <org.mule.common.metadata.DefaultMetaDataKey>
        <id>TopicConfiguration</id>
        <displayName>Topic Configuration</displayName>
        <category>BucketNotificationCategory</category>
        <metaDataKeyPropertiesManager>
          <properties>
            <org.mule.common.metadata.key.property.dsql.DsqlFromMetaDataKeyProperty/>
          </properties>
        </metaDataKeyPropertiesManager>
      </org.mule.common.metadata.DefaultMetaDataKey>
      <null/>
    </entry>
    <entry>
      <org.mule.common.metadata.DefaultMetaDataKey>
        <id>java.lang.Object</id>
        <displayName>java.lang.Object</displayName>
        <category>DEFAULT</category>
        <metaDataKeyPropertiesManager>
          <properties>
            <org.mule.common.metadata.key.property.dsql.DsqlFromMetaDataKeyProperty/>
          </properties>
        </metaDataKeyPropertiesManager>
      </org.mule.common.metadata.DefaultMetaDataKey>
      <org.mule.common.metadata.DefaultPojoMetaDataModel>
        <implementationClass>java.lang.Object</implementationClass>
        <dataType>POJO</dataType>
        <metaDataModelPropertiesManager>
          <properties/>
        </metaDataModelPropertiesManager>
        <fields/>
        <clazzName>java.lang.Object</clazzName>
        <isInterface>false</isInterface>
        <name>Object</name>
        <parentNames/>
      </org.mule.common.metadata.DefaultPojoMetaDataModel>
    </entry>
    <entry>
      <org.mule.common.metadata.DefaultMetaDataKey>
        <id>org.mule.module.s3.model.Bucket</id>
        <displayName>org.mule.module.s3.model.Bucket</displayName>
        <category>DEFAULT</category>
        <metaDataKeyPropertiesManager>
          <properties>
            <org.mule.common.metadata.key.property.dsql.DsqlFromMetaDataKeyProperty/>
          </properties>
        </metaDataKeyPropertiesManager>
      </org.mule.common.metadata.DefaultMetaDataKey>
      <org.mule.common.metadata.DefaultPojoMetaDataModel>
        <implementationClass>org.mule.module.s3.model.Bucket</implementationClass>
        <dataType>POJO</dataType>
        <metaDataModelPropertiesManager>
          <properties/>
        </metaDataModelPropertiesManager>
        <fields>
          <org.mule.common.metadata.DefaultMetaDataField>
            <name>creationDate</name>
            <model class="org.mule.common.metadata.DefaultSimpleMetaDataModel">
              <dataType>DATE</dataType>
              <metaDataModelPropertiesManager>
                <properties/>
              </metaDataModelPropertiesManager>
            </model>
            <accessType>READ</accessType>
            <metaDataFieldPropertyManager>
              <properties>
                <org.mule.common.metadata.field.property.dsql.DsqlSelectMetaDataFieldProperty/>
                <org.mule.common.metadata.field.property.dsql.DsqlWhereMetaDataFieldProperty/>
                <org.mule.common.metadata.field.property.dsql.DsqlOrderMetaDataFieldProperty/>
                <org.mule.common.metadata.field.property.dsql.DsqlQueryOperatorsMetaDataFieldProperty>
                  <supportedOperators>
                    <org.mule.common.query.expression.LessOperator/>
                    <org.mule.common.query.expression.LessOrEqualsOperator/>
                    <org.mule.common.query.expression.EqualsOperator/>
                    <org.mule.common.query.expression.GreaterOperator/>
                    <org.mule.common.query.expression.GreaterOrEqualsOperator/>
                    <org.mule.common.query.expression.NotEqualsOperator/>
                  </supportedOperators>
                </org.mule.common.metadata.field.property.dsql.DsqlQueryOperatorsMetaDataFieldProperty>
              </properties>
            </metaDataFieldPropertyManager>
          </org.mule.common.metadata.DefaultMetaDataField>
          <org.mule.common.metadata.DefaultMetaDataField>
            <name>name</name>
            <model class="org.mule.common.metadata.DefaultSimpleMetaDataModel">
              <dataType>STRING</dataType>
              <metaDataModelPropertiesManager>
                <properties/>
              </metaDataModelPropertiesManager>
            </model>
            <accessType>READ</accessType>
            <metaDataFieldPropertyManager>
              <properties>
                <org.mule.common.metadata.field.property.dsql.DsqlSelectMetaDataFieldProperty/>
                <org.mule.common.metadata.field.property.dsql.DsqlWhereMetaDataFieldProperty/>
                <org.mule.common.metadata.field.property.dsql.DsqlOrderMetaDataFieldProperty/>
                <org.mule.common.metadata.field.property.dsql.DsqlQueryOperatorsMetaDataFieldProperty>
                  <supportedOperators>
                    <org.mule.common.query.expression.LessOperator/>
                    <org.mule.common.query.expression.LessOrEqualsOperator/>
                    <org.mule.common.query.expression.EqualsOperator/>
                    <org.mule.common.query.expression.GreaterOperator/>
                    <org.mule.common.query.expression.GreaterOrEqualsOperator/>
                    <org.mule.common.query.expression.NotEqualsOperator/>
                    <org.mule.common.query.expression.LikeOperator/>
                  </supportedOperators>
                </org.mule.common.metadata.field.property.dsql.DsqlQueryOperatorsMetaDataFieldProperty>
              </properties>
            </metaDataFieldPropertyManager>
          </org.mule.common.metadata.DefaultMetaDataField>
          <org.mule.common.metadata.DefaultMetaDataField>
            <name>owner</name>
            <model class="org.mule.common.metadata.DefaultPojoMetaDataModel">
              <implementationClass>org.mule.module.s3.model.Owner</implementationClass>
              <dataType>POJO</dataType>
              <metaDataModelPropertiesManager>
                <properties/>
              </metaDataModelPropertiesManager>
              <fields>
                <org.mule.common.metadata.DefaultMetaDataField>
                  <name>displayName</name>
                  <model class="org.mule.common.metadata.DefaultSimpleMetaDataModel">
                    <dataType>STRING</dataType>
                    <metaDataModelPropertiesManager>
                      <properties/>
                    </metaDataModelPropertiesManager>
                  </model>
                  <accessType>READ_WRITE</accessType>
                  <metaDataFieldPropertyManager>
                    <properties>
                      <org.mule.common.metadata.field.property.dsql.DsqlSelectMetaDataFieldProperty/>
                      <org.mule.common.metadata.field.property.dsql.DsqlWhereMetaDataFieldProperty/>
                      <org.mule.common.metadata.field.property.dsql.DsqlOrderMetaDataFieldProperty/>
                      <org.mule.common.metadata.field.property.dsql.DsqlQueryOperatorsMetaDataFieldProperty>
                        <supportedOperators>
                          <org.mule.common.query.expression.LessOperator/>
                          <org.mule.common.query.expression.LessOrEqualsOperator/>
                          <org.mule.common.query.expression.EqualsOperator/>
                          <org.mule.common.query.expression.GreaterOperator/>
                          <org.mule.common.query.expression.GreaterOrEqualsOperator/>
                          <org.mule.common.query.expression.NotEqualsOperator/>
                          <org.mule.common.query.expression.LikeOperator/>
                        </supportedOperators>
                      </org.mule.common.metadata.field.property.dsql.DsqlQueryOperatorsMetaDataFieldProperty>
                    </properties>
                  </metaDataFieldPropertyManager>
                </org.mule.common.metadata.DefaultMetaDataField>
                <org.mule.common.metadata.DefaultMetaDataField>
                  <name>id</name>
                  <model class="org.mule.common.metadata.DefaultSimpleMetaDataModel">
                    <dataType>STRING</dataType>
                    <metaDataModelPropertiesManager>
                      <properties/>
                    </metaDataModelPropertiesManager>
                  </model>
                  <accessType>READ_WRITE</accessType>
                  <metaDataFieldPropertyManager>
                    <properties>
                      <org.mule.common.metadata.field.property.dsql.DsqlSelectMetaDataFieldProperty/>
                      <org.mule.common.metadata.field.property.dsql.DsqlWhereMetaDataFieldProperty/>
                      <org.mule.common.metadata.field.property.dsql.DsqlOrderMetaDataFieldProperty/>
                      <org.mule.common.metadata.field.property.dsql.DsqlQueryOperatorsMetaDataFieldProperty>
                        <supportedOperators>
                          <org.mule.common.query.expression.LessOperator/>
                          <org.mule.common.query.expression.LessOrEqualsOperator/>
                          <org.mule.common.query.expression.EqualsOperator/>
                          <org.mule.common.query.expression.GreaterOperator/>
                          <org.mule.common.query.expression.GreaterOrEqualsOperator/>
                          <org.mule.common.query.expression.NotEqualsOperator/>
                          <org.mule.common.query.expression.LikeOperator/>
                        </supportedOperators>
                      </org.mule.common.metadata.field.property.dsql.DsqlQueryOperatorsMetaDataFieldProperty>
                    </properties>
                  </metaDataFieldPropertyManager>
                </org.mule.common.metadata.DefaultMetaDataField>
              </fields>
              <clazzName>org.mule.module.s3.model.Owner</clazzName>
              <isInterface>false</isInterface>
              <name>Owner</name>
              <parentNames>
                <string>java.lang.Object</string>
                <string>java.io.Serializable</string>
              </parentNames>
            </model>
            <accessType>READ</accessType>
            <metaDataFieldPropertyManager>
              <properties>
                <org.mule.common.metadata.field.property.dsql.DsqlSelectMetaDataFieldProperty/>
                <org.mule.common.metadata.field.property.dsql.DsqlWhereMetaDataFieldProperty/>
                <org.mule.common.metadata.field.property.dsql.DsqlOrderMetaDataFieldProperty/>
                <org.mule.common.metadata.field.property.dsql.DsqlQueryOperatorsMetaDataFieldProperty>
                  <supportedOperators/>
                </org.mule.common.metadata.field.property.dsql.DsqlQueryOperatorsMetaDataFieldProperty>
              </properties>
            </metaDataFieldPropertyManager>
          </org.mule.common.metadata.DefaultMetaDataField>
        </fields>
        <clazzName>org.mule.module.s3.model.Bucket</clazzName>
        <isInterface>false</isInterface>
        <name>Bucket</name>
        <parentNames>
          <string>java.lang.Object</string>
          <string>java.io.Serializable</string>
        </parentNames>
      </org.mule.common.metadata.DefaultPojoMetaDataModel>
    </entry>
    <entry>
      <org.mule.common.metadata.DefaultMetaDataKey>
        <id>org.mule.module.s3.model.ObjectResult</id>
        <displayName>org.mule.module.s3.model.ObjectResult</displayName>
        <category>DEFAULT</category>
        <metaDataKeyPropertiesManager>
          <properties>
            <org.mule.common.metadata.key.property.dsql.DsqlFromMetaDataKeyProperty/>
          </properties>
        </metaDataKeyPropertiesManager>
      </org.mule.common.metadata.DefaultMetaDataKey>
      <org.mule.common.metadata.DefaultPojoMetaDataModel>
        <implementationClass>org.mule.module.s3.model.ObjectResult</implementationClass>
        <dataType>POJO</dataType>
        <metaDataModelPropertiesManager>
          <properties/>
        </metaDataModelPropertiesManager>
        <fields>
          <org.mule.common.metadata.DefaultMetaDataField>
            <name>etag</name>
            <model class="org.mule.common.metadata.DefaultSimpleMetaDataModel">
              <dataType>STRING</dataType>
              <metaDataModelPropertiesManager>
                <properties/>
              </metaDataModelPropertiesManager>
            </model>
            <accessType>READ</accessType>
            <metaDataFieldPropertyManager>
              <properties>
                <org.mule.common.metadata.field.property.dsql.DsqlSelectMetaDataFieldProperty/>
                <org.mule.common.metadata.field.property.dsql.DsqlWhereMetaDataFieldProperty/>
                <org.mule.common.metadata.field.property.dsql.DsqlOrderMetaDataFieldProperty/>
                <org.mule.common.metadata.field.property.dsql.DsqlQueryOperatorsMetaDataFieldProperty>
                  <supportedOperators>
                    <org.mule.common.query.expression.LessOperator/>
                    <org.mule.common.query.expression.LessOrEqualsOperator/>
                    <org.mule.common.query.expression.EqualsOperator/>
                    <org.mule.common.query.expression.GreaterOperator/>
                    <org.mule.common.query.expression.GreaterOrEqualsOperator/>
                    <org.mule.common.query.expression.NotEqualsOperator/>
                    <org.mule.common.query.expression.LikeOperator/>
                  </supportedOperators>
                </org.mule.common.metadata.field.property.dsql.DsqlQueryOperatorsMetaDataFieldProperty>
              </properties>
            </metaDataFieldPropertyManager>
          </org.mule.common.metadata.DefaultMetaDataField>
          <org.mule.common.metadata.DefaultMetaDataField>
            <name>expirationTime</name>
            <model class="org.mule.common.metadata.DefaultSimpleMetaDataModel">
              <dataType>DATE</dataType>
              <metaDataModelPropertiesManager>
                <properties/>
              </metaDataModelPropertiesManager>
            </model>
            <accessType>READ_WRITE</accessType>
            <metaDataFieldPropertyManager>
              <properties>
                <org.mule.common.metadata.field.property.dsql.DsqlSelectMetaDataFieldProperty/>
                <org.mule.common.metadata.field.property.dsql.DsqlWhereMetaDataFieldProperty/>
                <org.mule.common.metadata.field.property.dsql.DsqlOrderMetaDataFieldProperty/>
                <org.mule.common.metadata.field.property.dsql.DsqlQueryOperatorsMetaDataFieldProperty>
                  <supportedOperators>
                    <org.mule.common.query.expression.LessOperator/>
                    <org.mule.common.query.expression.LessOrEqualsOperator/>
                    <org.mule.common.query.expression.EqualsOperator/>
                    <org.mule.common.query.expression.GreaterOperator/>
                    <org.mule.common.query.expression.GreaterOrEqualsOperator/>
                    <org.mule.common.query.expression.NotEqualsOperator/>
                  </supportedOperators>
                </org.mule.common.metadata.field.property.dsql.DsqlQueryOperatorsMetaDataFieldProperty>
              </properties>
            </metaDataFieldPropertyManager>
          </org.mule.common.metadata.DefaultMetaDataField>
          <org.mule.common.metadata.DefaultMetaDataField>
            <name>expirationTimeRuleId</name>
            <model class="org.mule.common.metadata.DefaultSimpleMetaDataModel">
              <dataType>STRING</dataType>
              <metaDataModelPropertiesManager>
                <properties/>
              </metaDataModelPropertiesManager>
            </model>
            <accessType>READ_WRITE</accessType>
            <metaDataFieldPropertyManager>
              <properties>
                <org.mule.common.metadata.field.property.dsql.DsqlSelectMetaDataFieldProperty/>
                <org.mule.common.metadata.field.property.dsql.DsqlWhereMetaDataFieldProperty/>
                <org.mule.common.metadata.field.property.dsql.DsqlOrderMetaDataFieldProperty/>
                <org.mule.common.metadata.field.property.dsql.DsqlQueryOperatorsMetaDataFieldProperty>
                  <supportedOperators>
                    <org.mule.common.query.expression.LessOperator/>
                    <org.mule.common.query.expression.LessOrEqualsOperator/>
                    <org.mule.common.query.expression.EqualsOperator/>
                    <org.mule.common.query.expression.GreaterOperator/>
                    <org.mule.common.query.expression.GreaterOrEqualsOperator/>
                    <org.mule.common.query.expression.NotEqualsOperator/>
                    <org.mule.common.query.expression.LikeOperator/>
                  </supportedOperators>
                </org.mule.common.metadata.field.property.dsql.DsqlQueryOperatorsMetaDataFieldProperty>
              </properties>
            </metaDataFieldPropertyManager>
          </org.mule.common.metadata.DefaultMetaDataField>
          <org.mule.common.metadata.DefaultMetaDataField>
            <name>lastModifiedDate</name>
            <model class="org.mule.common.metadata.DefaultSimpleMetaDataModel">
              <dataType>DATE</dataType>
              <metaDataModelPropertiesManager>
                <properties/>
              </metaDataModelPropertiesManager>
            </model>
            <accessType>READ</accessType>
            <metaDataFieldPropertyManager>
              <properties>
                <org.mule.common.metadata.field.property.dsql.DsqlSelectMetaDataFieldProperty/>
                <org.mule.common.metadata.field.property.dsql.DsqlWhereMetaDataFieldProperty/>
                <org.mule.common.metadata.field.property.dsql.DsqlOrderMetaDataFieldProperty/>
                <org.mule.common.metadata.field.property.dsql.DsqlQueryOperatorsMetaDataFieldProperty>
                  <supportedOperators>
                    <org.mule.common.query.expression.LessOperator/>
                    <org.mule.common.query.expression.LessOrEqualsOperator/>
                    <org.mule.common.query.expression.EqualsOperator/>
                    <org.mule.common.query.expression.GreaterOperator/>
                    <org.mule.common.query.expression.GreaterOrEqualsOperator/>
                    <org.mule.common.query.expression.NotEqualsOperator/>
                  </supportedOperators>
                </org.mule.common.metadata.field.property.dsql.DsqlQueryOperatorsMetaDataFieldProperty>
              </properties>
            </metaDataFieldPropertyManager>
          </org.mule.common.metadata.DefaultMetaDataField>
          <org.mule.common.metadata.DefaultMetaDataField>
            <name>versionId</name>
            <model class="org.mule.common.metadata.DefaultSimpleMetaDataModel">
              <dataType>STRING</dataType>
              <metaDataModelPropertiesManager>
                <properties/>
              </metaDataModelPropertiesManager>
            </model>
            <accessType>READ</accessType>
            <metaDataFieldPropertyManager>
              <properties>
                <org.mule.common.metadata.field.property.dsql.DsqlSelectMetaDataFieldProperty/>
                <org.mule.common.metadata.field.property.dsql.DsqlWhereMetaDataFieldProperty/>
                <org.mule.common.metadata.field.property.dsql.DsqlOrderMetaDataFieldProperty/>
                <org.mule.common.metadata.field.property.dsql.DsqlQueryOperatorsMetaDataFieldProperty>
                  <supportedOperators>
                    <org.mule.common.query.expression.LessOperator/>
                    <org.mule.common.query.expression.LessOrEqualsOperator/>
                    <org.mule.common.query.expression.EqualsOperator/>
                    <org.mule.common.query.expression.GreaterOperator/>
                    <org.mule.common.query.expression.GreaterOrEqualsOperator/>
                    <org.mule.common.query.expression.NotEqualsOperator/>
                    <org.mule.common.query.expression.LikeOperator/>
                  </supportedOperators>
                </org.mule.common.metadata.field.property.dsql.DsqlQueryOperatorsMetaDataFieldProperty>
              </properties>
            </metaDataFieldPropertyManager>
          </org.mule.common.metadata.DefaultMetaDataField>
        </fields>
        <clazzName>org.mule.module.s3.model.ObjectResult</clazzName>
        <isInterface>false</isInterface>
        <name>ObjectResult</name>
        <parentNames>
          <string>java.lang.Object</string>
          <string>java.io.Serializable</string>
        </parentNames>
      </org.mule.common.metadata.DefaultPojoMetaDataModel>
    </entry>
    <entry>
      <org.mule.common.metadata.DefaultMetaDataKey>
        <id>org.mule.module.s3.model.S3Object</id>
        <displayName>org.mule.module.s3.model.S3Object</displayName>
        <category>DEFAULT</category>
        <metaDataKeyPropertiesManager>
          <properties>
            <org.mule.common.metadata.key.property.dsql.DsqlFromMetaDataKeyProperty/>
          </properties>
        </metaDataKeyPropertiesManager>
      </org.mule.common.metadata.DefaultMetaDataKey>
      <org.mule.common.metadata.DefaultPojoMetaDataModel>
        <implementationClass>org.mule.module.s3.model.S3Object</implementationClass>
        <dataType>POJO</dataType>
        <metaDataModelPropertiesManager>
          <properties/>
        </metaDataModelPropertiesManager>
        <fields>
          <org.mule.common.metadata.DefaultMetaDataField>
            <name>bucketName</name>
            <model class="org.mule.common.metadata.DefaultSimpleMetaDataModel">
              <dataType>STRING</dataType>
              <metaDataModelPropertiesManager>
                <properties/>
              </metaDataModelPropertiesManager>
            </model>
            <accessType>READ_WRITE</accessType>
            <metaDataFieldPropertyManager>
              <properties>
                <org.mule.common.metadata.field.property.dsql.DsqlSelectMetaDataFieldProperty/>
                <org.mule.common.metadata.field.property.dsql.DsqlWhereMetaDataFieldProperty/>
                <org.mule.common.metadata.field.property.dsql.DsqlOrderMetaDataFieldProperty/>
                <org.mule.common.metadata.field.property.dsql.DsqlQueryOperatorsMetaDataFieldProperty>
                  <supportedOperators>
                    <org.mule.common.query.expression.LessOperator/>
                    <org.mule.common.query.expression.LessOrEqualsOperator/>
                    <org.mule.common.query.expression.EqualsOperator/>
                    <org.mule.common.query.expression.GreaterOperator/>
                    <org.mule.common.query.expression.GreaterOrEqualsOperator/>
                    <org.mule.common.query.expression.NotEqualsOperator/>
                    <org.mule.common.query.expression.LikeOperator/>
                  </supportedOperators>
                </org.mule.common.metadata.field.property.dsql.DsqlQueryOperatorsMetaDataFieldProperty>
              </properties>
            </metaDataFieldPropertyManager>
          </org.mule.common.metadata.DefaultMetaDataField>
          <org.mule.common.metadata.DefaultMetaDataField>
            <name>key</name>
            <model class="org.mule.common.metadata.DefaultSimpleMetaDataModel">
              <dataType>STRING</dataType>
              <metaDataModelPropertiesManager>
                <properties/>
              </metaDataModelPropertiesManager>
            </model>
            <accessType>READ_WRITE</accessType>
            <metaDataFieldPropertyManager>
              <properties>
                <org.mule.common.metadata.field.property.dsql.DsqlSelectMetaDataFieldProperty/>
                <org.mule.common.metadata.field.property.dsql.DsqlWhereMetaDataFieldProperty/>
                <org.mule.common.metadata.field.property.dsql.DsqlOrderMetaDataFieldProperty/>
                <org.mule.common.metadata.field.property.dsql.DsqlQueryOperatorsMetaDataFieldProperty>
                  <supportedOperators>
                    <org.mule.common.query.expression.LessOperator/>
                    <org.mule.common.query.expression.LessOrEqualsOperator/>
                    <org.mule.common.query.expression.EqualsOperator/>
                    <org.mule.common.query.expression.GreaterOperator/>
                    <org.mule.common.query.expression.GreaterOrEqualsOperator/>
                    <org.mule.common.query.expression.NotEqualsOperator/>
                    <org.mule.common.query.expression.LikeOperator/>
                  </supportedOperators>
                </org.mule.common.metadata.field.property.dsql.DsqlQueryOperatorsMetaDataFieldProperty>
              </properties>
            </metaDataFieldPropertyManager>
          </org.mule.common.metadata.DefaultMetaDataField>
          <org.mule.common.metadata.DefaultMetaDataField>
            <name>objectContent</name>
            <model class="org.mule.common.metadata.DefaultSimpleMetaDataModel">
              <dataType>STREAM</dataType>
              <metaDataModelPropertiesManager>
                <properties/>
              </metaDataModelPropertiesManager>
            </model>
            <accessType>READ_WRITE</accessType>
            <metaDataFieldPropertyManager>
              <properties>
                <org.mule.common.metadata.field.property.dsql.DsqlSelectMetaDataFieldProperty/>
                <org.mule.common.metadata.field.property.dsql.DsqlWhereMetaDataFieldProperty/>
                <org.mule.common.metadata.field.property.dsql.DsqlOrderMetaDataFieldProperty/>
                <org.mule.common.metadata.field.property.dsql.DsqlQueryOperatorsMetaDataFieldProperty>
                  <supportedOperators/>
                </org.mule.common.metadata.field.property.dsql.DsqlQueryOperatorsMetaDataFieldProperty>
              </properties>
            </metaDataFieldPropertyManager>
          </org.mule.common.metadata.DefaultMetaDataField>
          <org.mule.common.metadata.DefaultMetaDataField>
            <name>objectMetadata</name>
            <model class="org.mule.common.metadata.DefaultPojoMetaDataModel">
              <implementationClass>org.mule.module.s3.model.S3ObjectMetadata</implementationClass>
              <dataType>POJO</dataType>
              <metaDataModelPropertiesManager>
                <properties/>
              </metaDataModelPropertiesManager>
              <fields>
                <org.mule.common.metadata.DefaultMetaDataField>
                  <name>ETag</name>
                  <model class="org.mule.common.metadata.DefaultSimpleMetaDataModel">
                    <dataType>STRING</dataType>
                    <metaDataModelPropertiesManager>
                      <properties/>
                    </metaDataModelPropertiesManager>
                  </model>
                  <accessType>READ_WRITE</accessType>
                  <metaDataFieldPropertyManager>
                    <properties>
                      <org.mule.common.metadata.field.property.dsql.DsqlSelectMetaDataFieldProperty/>
                      <org.mule.common.metadata.field.property.dsql.DsqlWhereMetaDataFieldProperty/>
                      <org.mule.common.metadata.field.property.dsql.DsqlOrderMetaDataFieldProperty/>
                      <org.mule.common.metadata.field.property.dsql.DsqlQueryOperatorsMetaDataFieldProperty>
                        <supportedOperators>
                          <org.mule.common.query.expression.LessOperator/>
                          <org.mule.common.query.expression.LessOrEqualsOperator/>
                          <org.mule.common.query.expression.EqualsOperator/>
                          <org.mule.common.query.expression.GreaterOperator/>
                          <org.mule.common.query.expression.GreaterOrEqualsOperator/>
                          <org.mule.common.query.expression.NotEqualsOperator/>
                          <org.mule.common.query.expression.LikeOperator/>
                        </supportedOperators>
                      </org.mule.common.metadata.field.property.dsql.DsqlQueryOperatorsMetaDataFieldProperty>
                    </properties>
                  </metaDataFieldPropertyManager>
                </org.mule.common.metadata.DefaultMetaDataField>
                <org.mule.common.metadata.DefaultMetaDataField>
                  <name>SSEAlgorithm</name>
                  <model class="org.mule.common.metadata.DefaultSimpleMetaDataModel">
                    <dataType>STRING</dataType>
                    <metaDataModelPropertiesManager>
                      <properties/>
                    </metaDataModelPropertiesManager>
                  </model>
                  <accessType>READ_WRITE</accessType>
                  <metaDataFieldPropertyManager>
                    <properties>
                      <org.mule.common.metadata.field.property.dsql.DsqlSelectMetaDataFieldProperty/>
                      <org.mule.common.metadata.field.property.dsql.DsqlWhereMetaDataFieldProperty/>
                      <org.mule.common.metadata.field.property.dsql.DsqlOrderMetaDataFieldProperty/>
                      <org.mule.common.metadata.field.property.dsql.DsqlQueryOperatorsMetaDataFieldProperty>
                        <supportedOperators>
                          <org.mule.common.query.expression.LessOperator/>
                          <org.mule.common.query.expression.LessOrEqualsOperator/>
                          <org.mule.common.query.expression.EqualsOperator/>
                          <org.mule.common.query.expression.GreaterOperator/>
                          <org.mule.common.query.expression.GreaterOrEqualsOperator/>
                          <org.mule.common.query.expression.NotEqualsOperator/>
                          <org.mule.common.query.expression.LikeOperator/>
                        </supportedOperators>
                      </org.mule.common.metadata.field.property.dsql.DsqlQueryOperatorsMetaDataFieldProperty>
                    </properties>
                  </metaDataFieldPropertyManager>
                </org.mule.common.metadata.DefaultMetaDataField>
                <org.mule.common.metadata.DefaultMetaDataField>
                  <name>SSECustomerAlgorithm</name>
                  <model class="org.mule.common.metadata.DefaultSimpleMetaDataModel">
                    <dataType>STRING</dataType>
                    <metaDataModelPropertiesManager>
                      <properties/>
                    </metaDataModelPropertiesManager>
                  </model>
                  <accessType>READ_WRITE</accessType>
                  <metaDataFieldPropertyManager>
                    <properties>
                      <org.mule.common.metadata.field.property.dsql.DsqlSelectMetaDataFieldProperty/>
                      <org.mule.common.metadata.field.property.dsql.DsqlWhereMetaDataFieldProperty/>
                      <org.mule.common.metadata.field.property.dsql.DsqlOrderMetaDataFieldProperty/>
                      <org.mule.common.metadata.field.property.dsql.DsqlQueryOperatorsMetaDataFieldProperty>
                        <supportedOperators>
                          <org.mule.common.query.expression.LessOperator/>
                          <org.mule.common.query.expression.LessOrEqualsOperator/>
                          <org.mule.common.query.expression.EqualsOperator/>
                          <org.mule.common.query.expression.GreaterOperator/>
                          <org.mule.common.query.expression.GreaterOrEqualsOperator/>
                          <org.mule.common.query.expression.NotEqualsOperator/>
                          <org.mule.common.query.expression.LikeOperator/>
                        </supportedOperators>
                      </org.mule.common.metadata.field.property.dsql.DsqlQueryOperatorsMetaDataFieldProperty>
                    </properties>
                  </metaDataFieldPropertyManager>
                </org.mule.common.metadata.DefaultMetaDataField>
                <org.mule.common.metadata.DefaultMetaDataField>
                  <name>SSECustomerKeyMd5</name>
                  <model class="org.mule.common.metadata.DefaultSimpleMetaDataModel">
                    <dataType>STRING</dataType>
                    <metaDataModelPropertiesManager>
                      <properties/>
                    </metaDataModelPropertiesManager>
                  </model>
                  <accessType>READ_WRITE</accessType>
                  <metaDataFieldPropertyManager>
                    <properties>
                      <org.mule.common.metadata.field.property.dsql.DsqlSelectMetaDataFieldProperty/>
                      <org.mule.common.metadata.field.property.dsql.DsqlWhereMetaDataFieldProperty/>
                      <org.mule.common.metadata.field.property.dsql.DsqlOrderMetaDataFieldProperty/>
                      <org.mule.common.metadata.field.property.dsql.DsqlQueryOperatorsMetaDataFieldProperty>
                        <supportedOperators>
                          <org.mule.common.query.expression.LessOperator/>
                          <org.mule.common.query.expression.LessOrEqualsOperator/>
                          <org.mule.common.query.expression.EqualsOperator/>
                          <org.mule.common.query.expression.GreaterOperator/>
                          <org.mule.common.query.expression.GreaterOrEqualsOperator/>
                          <org.mule.common.query.expression.NotEqualsOperator/>
                          <org.mule.common.query.expression.LikeOperator/>
                        </supportedOperators>
                      </org.mule.common.metadata.field.property.dsql.DsqlQueryOperatorsMetaDataFieldProperty>
                    </properties>
                  </metaDataFieldPropertyManager>
                </org.mule.common.metadata.DefaultMetaDataField>
                <org.mule.common.metadata.DefaultMetaDataField>
                  <name>cacheControl</name>
                  <model class="org.mule.common.metadata.DefaultSimpleMetaDataModel">
                    <dataType>STRING</dataType>
                    <metaDataModelPropertiesManager>
                      <properties/>
                    </metaDataModelPropertiesManager>
                  </model>
                  <accessType>READ_WRITE</accessType>
                  <metaDataFieldPropertyManager>
                    <properties>
                      <org.mule.common.metadata.field.property.dsql.DsqlSelectMetaDataFieldProperty/>
                      <org.mule.common.metadata.field.property.dsql.DsqlWhereMetaDataFieldProperty/>
                      <org.mule.common.metadata.field.property.dsql.DsqlOrderMetaDataFieldProperty/>
                      <org.mule.common.metadata.field.property.dsql.DsqlQueryOperatorsMetaDataFieldProperty>
                        <supportedOperators>
                          <org.mule.common.query.expression.LessOperator/>
                          <org.mule.common.query.expression.LessOrEqualsOperator/>
                          <org.mule.common.query.expression.EqualsOperator/>
                          <org.mule.common.query.expression.GreaterOperator/>
                          <org.mule.common.query.expression.GreaterOrEqualsOperator/>
                          <org.mule.common.query.expression.NotEqualsOperator/>
                          <org.mule.common.query.expression.LikeOperator/>
                        </supportedOperators>
                      </org.mule.common.metadata.field.property.dsql.DsqlQueryOperatorsMetaDataFieldProperty>
                    </properties>
                  </metaDataFieldPropertyManager>
                </org.mule.common.metadata.DefaultMetaDataField>
                <org.mule.common.metadata.DefaultMetaDataField>
                  <name>contentDisposition</name>
                  <model class="org.mule.common.metadata.DefaultSimpleMetaDataModel">
                    <dataType>STRING</dataType>
                    <metaDataModelPropertiesManager>
                      <properties/>
                    </metaDataModelPropertiesManager>
                  </model>
                  <accessType>READ_WRITE</accessType>
                  <metaDataFieldPropertyManager>
                    <properties>
                      <org.mule.common.metadata.field.property.dsql.DsqlSelectMetaDataFieldProperty/>
                      <org.mule.common.metadata.field.property.dsql.DsqlWhereMetaDataFieldProperty/>
                      <org.mule.common.metadata.field.property.dsql.DsqlOrderMetaDataFieldProperty/>
                      <org.mule.common.metadata.field.property.dsql.DsqlQueryOperatorsMetaDataFieldProperty>
                        <supportedOperators>
                          <org.mule.common.query.expression.LessOperator/>
                          <org.mule.common.query.expression.LessOrEqualsOperator/>
                          <org.mule.common.query.expression.EqualsOperator/>
                          <org.mule.common.query.expression.GreaterOperator/>
                          <org.mule.common.query.expression.GreaterOrEqualsOperator/>
                          <org.mule.common.query.expression.NotEqualsOperator/>
                          <org.mule.common.query.expression.LikeOperator/>
                        </supportedOperators>
                      </org.mule.common.metadata.field.property.dsql.DsqlQueryOperatorsMetaDataFieldProperty>
                    </properties>
                  </metaDataFieldPropertyManager>
                </org.mule.common.metadata.DefaultMetaDataField>
                <org.mule.common.metadata.DefaultMetaDataField>
                  <name>contentEncoding</name>
                  <model class="org.mule.common.metadata.DefaultSimpleMetaDataModel">
                    <dataType>STRING</dataType>
                    <metaDataModelPropertiesManager>
                      <properties/>
                    </metaDataModelPropertiesManager>
                  </model>
                  <accessType>READ_WRITE</accessType>
                  <metaDataFieldPropertyManager>
                    <properties>
                      <org.mule.common.metadata.field.property.dsql.DsqlSelectMetaDataFieldProperty/>
                      <org.mule.common.metadata.field.property.dsql.DsqlWhereMetaDataFieldProperty/>
                      <org.mule.common.metadata.field.property.dsql.DsqlOrderMetaDataFieldProperty/>
                      <org.mule.common.metadata.field.property.dsql.DsqlQueryOperatorsMetaDataFieldProperty>
                        <supportedOperators>
                          <org.mule.common.query.expression.LessOperator/>
                          <org.mule.common.query.expression.LessOrEqualsOperator/>
                          <org.mule.common.query.expression.EqualsOperator/>
                          <org.mule.common.query.expression.GreaterOperator/>
                          <org.mule.common.query.expression.GreaterOrEqualsOperator/>
                          <org.mule.common.query.expression.NotEqualsOperator/>
                          <org.mule.common.query.expression.LikeOperator/>
                        </supportedOperators>
                      </org.mule.common.metadata.field.property.dsql.DsqlQueryOperatorsMetaDataFieldProperty>
                    </properties>
                  </metaDataFieldPropertyManager>
                </org.mule.common.metadata.DefaultMetaDataField>
                <org.mule.common.metadata.DefaultMetaDataField>
                  <name>contentLength</name>
                  <model class="org.mule.common.metadata.DefaultSimpleMetaDataModel">
                    <dataType>INTEGER</dataType>
                    <metaDataModelPropertiesManager>
                      <properties/>
                    </metaDataModelPropertiesManager>
                  </model>
                  <accessType>READ_WRITE</accessType>
                  <metaDataFieldPropertyManager>
                    <properties>
                      <org.mule.common.metadata.field.property.dsql.DsqlSelectMetaDataFieldProperty/>
                      <org.mule.common.metadata.field.property.dsql.DsqlWhereMetaDataFieldProperty/>
                      <org.mule.common.metadata.field.property.dsql.DsqlOrderMetaDataFieldProperty/>
                      <org.mule.common.metadata.field.property.dsql.DsqlQueryOperatorsMetaDataFieldProperty>
                        <supportedOperators>
                          <org.mule.common.query.expression.LessOperator/>
                          <org.mule.common.query.expression.LessOrEqualsOperator/>
                          <org.mule.common.query.expression.EqualsOperator/>
                          <org.mule.common.query.expression.GreaterOperator/>
                          <org.mule.common.query.expression.GreaterOrEqualsOperator/>
                          <org.mule.common.query.expression.NotEqualsOperator/>
                        </supportedOperators>
                      </org.mule.common.metadata.field.property.dsql.DsqlQueryOperatorsMetaDataFieldProperty>
                    </properties>
                  </metaDataFieldPropertyManager>
                </org.mule.common.metadata.DefaultMetaDataField>
                <org.mule.common.metadata.DefaultMetaDataField>
                  <name>contentMD5</name>
                  <model class="org.mule.common.metadata.DefaultSimpleMetaDataModel">
                    <dataType>STRING</dataType>
                    <metaDataModelPropertiesManager>
                      <properties/>
                    </metaDataModelPropertiesManager>
                  </model>
                  <accessType>READ_WRITE</accessType>
                  <metaDataFieldPropertyManager>
                    <properties>
                      <org.mule.common.metadata.field.property.dsql.DsqlSelectMetaDataFieldProperty/>
                      <org.mule.common.metadata.field.property.dsql.DsqlWhereMetaDataFieldProperty/>
                      <org.mule.common.metadata.field.property.dsql.DsqlOrderMetaDataFieldProperty/>
                      <org.mule.common.metadata.field.property.dsql.DsqlQueryOperatorsMetaDataFieldProperty>
                        <supportedOperators>
                          <org.mule.common.query.expression.LessOperator/>
                          <org.mule.common.query.expression.LessOrEqualsOperator/>
                          <org.mule.common.query.expression.EqualsOperator/>
                          <org.mule.common.query.expression.GreaterOperator/>
                          <org.mule.common.query.expression.GreaterOrEqualsOperator/>
                          <org.mule.common.query.expression.NotEqualsOperator/>
                          <org.mule.common.query.expression.LikeOperator/>
                        </supportedOperators>
                      </org.mule.common.metadata.field.property.dsql.DsqlQueryOperatorsMetaDataFieldProperty>
                    </properties>
                  </metaDataFieldPropertyManager>
                </org.mule.common.metadata.DefaultMetaDataField>
                <org.mule.common.metadata.DefaultMetaDataField>
                  <name>contentType</name>
                  <model class="org.mule.common.metadata.DefaultSimpleMetaDataModel">
                    <dataType>STRING</dataType>
                    <metaDataModelPropertiesManager>
                      <properties/>
                    </metaDataModelPropertiesManager>
                  </model>
                  <accessType>READ_WRITE</accessType>
                  <metaDataFieldPropertyManager>
                    <properties>
                      <org.mule.common.metadata.field.property.dsql.DsqlSelectMetaDataFieldProperty/>
                      <org.mule.common.metadata.field.property.dsql.DsqlWhereMetaDataFieldProperty/>
                      <org.mule.common.metadata.field.property.dsql.DsqlOrderMetaDataFieldProperty/>
                      <org.mule.common.metadata.field.property.dsql.DsqlQueryOperatorsMetaDataFieldProperty>
                        <supportedOperators>
                          <org.mule.common.query.expression.LessOperator/>
                          <org.mule.common.query.expression.LessOrEqualsOperator/>
                          <org.mule.common.query.expression.EqualsOperator/>
                          <org.mule.common.query.expression.GreaterOperator/>
                          <org.mule.common.query.expression.GreaterOrEqualsOperator/>
                          <org.mule.common.query.expression.NotEqualsOperator/>
                          <org.mule.common.query.expression.LikeOperator/>
                        </supportedOperators>
                      </org.mule.common.metadata.field.property.dsql.DsqlQueryOperatorsMetaDataFieldProperty>
                    </properties>
                  </metaDataFieldPropertyManager>
                </org.mule.common.metadata.DefaultMetaDataField>
                <org.mule.common.metadata.DefaultMetaDataField>
                  <name>expirationTime</name>
                  <model class="org.mule.common.metadata.DefaultSimpleMetaDataModel">
                    <dataType>DATE</dataType>
                    <metaDataModelPropertiesManager>
                      <properties/>
                    </metaDataModelPropertiesManager>
                  </model>
                  <accessType>READ_WRITE</accessType>
                  <metaDataFieldPropertyManager>
                    <properties>
                      <org.mule.common.metadata.field.property.dsql.DsqlSelectMetaDataFieldProperty/>
                      <org.mule.common.metadata.field.property.dsql.DsqlWhereMetaDataFieldProperty/>
                      <org.mule.common.metadata.field.property.dsql.DsqlOrderMetaDataFieldProperty/>
                      <org.mule.common.metadata.field.property.dsql.DsqlQueryOperatorsMetaDataFieldProperty>
                        <supportedOperators>
                          <org.mule.common.query.expression.LessOperator/>
                          <org.mule.common.query.expression.LessOrEqualsOperator/>
                          <org.mule.common.query.expression.EqualsOperator/>
                          <org.mule.common.query.expression.GreaterOperator/>
                          <org.mule.common.query.expression.GreaterOrEqualsOperator/>
                          <org.mule.common.query.expression.NotEqualsOperator/>
                        </supportedOperators>
                      </org.mule.common.metadata.field.property.dsql.DsqlQueryOperatorsMetaDataFieldProperty>
                    </properties>
                  </metaDataFieldPropertyManager>
                </org.mule.common.metadata.DefaultMetaDataField>
                <org.mule.common.metadata.DefaultMetaDataField>
                  <name>expirationTimeRuleId</name>
                  <model class="org.mule.common.metadata.DefaultSimpleMetaDataModel">
                    <dataType>STRING</dataType>
                    <metaDataModelPropertiesManager>
                      <properties/>
                    </metaDataModelPropertiesManager>
                  </model>
                  <accessType>READ_WRITE</accessType>
                  <metaDataFieldPropertyManager>
                    <properties>
                      <org.mule.common.metadata.field.property.dsql.DsqlSelectMetaDataFieldProperty/>
                      <org.mule.common.metadata.field.property.dsql.DsqlWhereMetaDataFieldProperty/>
                      <org.mule.common.metadata.field.property.dsql.DsqlOrderMetaDataFieldProperty/>
                      <org.mule.common.metadata.field.property.dsql.DsqlQueryOperatorsMetaDataFieldProperty>
                        <supportedOperators>
                          <org.mule.common.query.expression.LessOperator/>
                          <org.mule.common.query.expression.LessOrEqualsOperator/>
                          <org.mule.common.query.expression.EqualsOperator/>
                          <org.mule.common.query.expression.GreaterOperator/>
                          <org.mule.common.query.expression.GreaterOrEqualsOperator/>
                          <org.mule.common.query.expression.NotEqualsOperator/>
                          <org.mule.common.query.expression.LikeOperator/>
                        </supportedOperators>
                      </org.mule.common.metadata.field.property.dsql.DsqlQueryOperatorsMetaDataFieldProperty>
                    </properties>
                  </metaDataFieldPropertyManager>
                </org.mule.common.metadata.DefaultMetaDataField>
                <org.mule.common.metadata.DefaultMetaDataField>
                  <name>httpExpiresDate</name>
                  <model class="org.mule.common.metadata.DefaultSimpleMetaDataModel">
                    <dataType>DATE</dataType>
                    <metaDataModelPropertiesManager>
                      <properties/>
                    </metaDataModelPropertiesManager>
                  </model>
                  <accessType>READ_WRITE</accessType>
                  <metaDataFieldPropertyManager>
                    <properties>
                      <org.mule.common.metadata.field.property.dsql.DsqlSelectMetaDataFieldProperty/>
                      <org.mule.common.metadata.field.property.dsql.DsqlWhereMetaDataFieldProperty/>
                      <org.mule.common.metadata.field.property.dsql.DsqlOrderMetaDataFieldProperty/>
                      <org.mule.common.metadata.field.property.dsql.DsqlQueryOperatorsMetaDataFieldProperty>
                        <supportedOperators>
                          <org.mule.common.query.expression.LessOperator/>
                          <org.mule.common.query.expression.LessOrEqualsOperator/>
                          <org.mule.common.query.expression.EqualsOperator/>
                          <org.mule.common.query.expression.GreaterOperator/>
                          <org.mule.common.query.expression.GreaterOrEqualsOperator/>
                          <org.mule.common.query.expression.NotEqualsOperator/>
                        </supportedOperators>
                      </org.mule.common.metadata.field.property.dsql.DsqlQueryOperatorsMetaDataFieldProperty>
                    </properties>
                  </metaDataFieldPropertyManager>
                </org.mule.common.metadata.DefaultMetaDataField>
                <org.mule.common.metadata.DefaultMetaDataField>
                  <name>instanceLength</name>
                  <model class="org.mule.common.metadata.DefaultSimpleMetaDataModel">
                    <dataType>INTEGER</dataType>
                    <metaDataModelPropertiesManager>
                      <properties/>
                    </metaDataModelPropertiesManager>
                  </model>
                  <accessType>READ</accessType>
                  <metaDataFieldPropertyManager>
                    <properties>
                      <org.mule.common.metadata.field.property.dsql.DsqlSelectMetaDataFieldProperty/>
                      <org.mule.common.metadata.field.property.dsql.DsqlWhereMetaDataFieldProperty/>
                      <org.mule.common.metadata.field.property.dsql.DsqlOrderMetaDataFieldProperty/>
                      <org.mule.common.metadata.field.property.dsql.DsqlQueryOperatorsMetaDataFieldProperty>
                        <supportedOperators>
                          <org.mule.common.query.expression.LessOperator/>
                          <org.mule.common.query.expression.LessOrEqualsOperator/>
                          <org.mule.common.query.expression.EqualsOperator/>
                          <org.mule.common.query.expression.GreaterOperator/>
                          <org.mule.common.query.expression.GreaterOrEqualsOperator/>
                          <org.mule.common.query.expression.NotEqualsOperator/>
                        </supportedOperators>
                      </org.mule.common.metadata.field.property.dsql.DsqlQueryOperatorsMetaDataFieldProperty>
                    </properties>
                  </metaDataFieldPropertyManager>
                </org.mule.common.metadata.DefaultMetaDataField>
                <org.mule.common.metadata.DefaultMetaDataField>
                  <name>lastModified</name>
                  <model class="org.mule.common.metadata.DefaultSimpleMetaDataModel">
                    <dataType>DATE</dataType>
                    <metaDataModelPropertiesManager>
                      <properties/>
                    </metaDataModelPropertiesManager>
                  </model>
                  <accessType>READ_WRITE</accessType>
                  <metaDataFieldPropertyManager>
                    <properties>
                      <org.mule.common.metadata.field.property.dsql.DsqlSelectMetaDataFieldProperty/>
                      <org.mule.common.metadata.field.property.dsql.DsqlWhereMetaDataFieldProperty/>
                      <org.mule.common.metadata.field.property.dsql.DsqlOrderMetaDataFieldProperty/>
                      <org.mule.common.metadata.field.property.dsql.DsqlQueryOperatorsMetaDataFieldProperty>
                        <supportedOperators>
                          <org.mule.common.query.expression.LessOperator/>
                          <org.mule.common.query.expression.LessOrEqualsOperator/>
                          <org.mule.common.query.expression.EqualsOperator/>
                          <org.mule.common.query.expression.GreaterOperator/>
                          <org.mule.common.query.expression.GreaterOrEqualsOperator/>
                          <org.mule.common.query.expression.NotEqualsOperator/>
                        </supportedOperators>
                      </org.mule.common.metadata.field.property.dsql.DsqlQueryOperatorsMetaDataFieldProperty>
                    </properties>
                  </metaDataFieldPropertyManager>
                </org.mule.common.metadata.DefaultMetaDataField>
                <org.mule.common.metadata.DefaultMetaDataField>
                  <name>ongoingRestore</name>
                  <model class="org.mule.common.metadata.DefaultSimpleMetaDataModel">
                    <dataType>BOOLEAN</dataType>
                    <metaDataModelPropertiesManager>
                      <properties/>
                    </metaDataModelPropertiesManager>
                  </model>
                  <accessType>READ_WRITE</accessType>
                  <metaDataFieldPropertyManager>
                    <properties>
                      <org.mule.common.metadata.field.property.dsql.DsqlSelectMetaDataFieldProperty/>
                      <org.mule.common.metadata.field.property.dsql.DsqlWhereMetaDataFieldProperty/>
                      <org.mule.common.metadata.field.property.dsql.DsqlOrderMetaDataFieldProperty/>
                      <org.mule.common.metadata.field.property.dsql.DsqlQueryOperatorsMetaDataFieldProperty>
                        <supportedOperators class="java.util.Arrays$ArrayList">
                          <a class="org.mule.common.query.expression.Operator-array">
                            <org.mule.common.query.expression.EqualsOperator/>
                            <org.mule.common.query.expression.NotEqualsOperator/>
                          </a>
                        </supportedOperators>
                      </org.mule.common.metadata.field.property.dsql.DsqlQueryOperatorsMetaDataFieldProperty>
                    </properties>
                  </metaDataFieldPropertyManager>
                </org.mule.common.metadata.DefaultMetaDataField>
                <org.mule.common.metadata.DefaultMetaDataField>
                  <name>rawMetadata</name>
                  <model class="org.mule.common.metadata.DefaultParameterizedMapMetaDataModel">
                    <dataType>MAP</dataType>
                    <metaDataModelPropertiesManager>
                      <properties/>
                    </metaDataModelPropertiesManager>
                    <keyMetaDataModel class="org.mule.common.metadata.DefaultSimpleMetaDataModel">
                      <dataType>STRING</dataType>
                      <metaDataModelPropertiesManager>
                        <properties/>
                      </metaDataModelPropertiesManager>
                    </keyMetaDataModel>
                    <valueMetaDataModel class="org.mule.common.metadata.DefaultPojoMetaDataModel">
                      <implementationClass>java.lang.Object</implementationClass>
                      <dataType>POJO</dataType>
                      <metaDataModelPropertiesManager>
                        <properties/>
                      </metaDataModelPropertiesManager>
                      <fields/>
                      <clazzName>java.lang.Object</clazzName>
                      <isInterface>false</isInterface>
                      <name>Object</name>
                      <parentNames/>
                    </valueMetaDataModel>
                  </model>
                  <accessType>READ</accessType>
                  <metaDataFieldPropertyManager>
                    <properties>
                      <org.mule.common.metadata.field.property.dsql.DsqlSelectMetaDataFieldProperty/>
                      <org.mule.common.metadata.field.property.dsql.DsqlWhereMetaDataFieldProperty/>
                      <org.mule.common.metadata.field.property.dsql.DsqlOrderMetaDataFieldProperty/>
                      <org.mule.common.metadata.field.property.dsql.DsqlQueryOperatorsMetaDataFieldProperty>
                        <supportedOperators/>
                      </org.mule.common.metadata.field.property.dsql.DsqlQueryOperatorsMetaDataFieldProperty>
                    </properties>
                  </metaDataFieldPropertyManager>
                </org.mule.common.metadata.DefaultMetaDataField>
                <org.mule.common.metadata.DefaultMetaDataField>
                  <name>restoreExpirationTime</name>
                  <model class="org.mule.common.metadata.DefaultSimpleMetaDataModel">
                    <dataType>DATE</dataType>
                    <metaDataModelPropertiesManager>
                      <properties/>
                    </metaDataModelPropertiesManager>
                  </model>
                  <accessType>READ_WRITE</accessType>
                  <metaDataFieldPropertyManager>
                    <properties>
                      <org.mule.common.metadata.field.property.dsql.DsqlSelectMetaDataFieldProperty/>
                      <org.mule.common.metadata.field.property.dsql.DsqlWhereMetaDataFieldProperty/>
                      <org.mule.common.metadata.field.property.dsql.DsqlOrderMetaDataFieldProperty/>
                      <org.mule.common.metadata.field.property.dsql.DsqlQueryOperatorsMetaDataFieldProperty>
                        <supportedOperators>
                          <org.mule.common.query.expression.LessOperator/>
                          <org.mule.common.query.expression.LessOrEqualsOperator/>
                          <org.mule.common.query.expression.EqualsOperator/>
                          <org.mule.common.query.expression.GreaterOperator/>
                          <org.mule.common.query.expression.GreaterOrEqualsOperator/>
                          <org.mule.common.query.expression.NotEqualsOperator/>
                        </supportedOperators>
                      </org.mule.common.metadata.field.property.dsql.DsqlQueryOperatorsMetaDataFieldProperty>
                    </properties>
                  </metaDataFieldPropertyManager>
                </org.mule.common.metadata.DefaultMetaDataField>
                <org.mule.common.metadata.DefaultMetaDataField>
                  <name>userMetadata</name>
                  <model class="org.mule.common.metadata.DefaultParameterizedMapMetaDataModel">
                    <dataType>MAP</dataType>
                    <metaDataModelPropertiesManager>
                      <properties/>
                    </metaDataModelPropertiesManager>
                    <keyMetaDataModel class="org.mule.common.metadata.DefaultSimpleMetaDataModel">
                      <dataType>STRING</dataType>
                      <metaDataModelPropertiesManager>
                        <properties/>
                      </metaDataModelPropertiesManager>
                    </keyMetaDataModel>
                    <valueMetaDataModel class="org.mule.common.metadata.DefaultSimpleMetaDataModel">
                      <dataType>STRING</dataType>
                      <metaDataModelPropertiesManager>
                        <properties/>
                      </metaDataModelPropertiesManager>
                    </valueMetaDataModel>
                  </model>
                  <accessType>READ_WRITE</accessType>
                  <metaDataFieldPropertyManager>
                    <properties>
                      <org.mule.common.metadata.field.property.dsql.DsqlSelectMetaDataFieldProperty/>
                      <org.mule.common.metadata.field.property.dsql.DsqlWhereMetaDataFieldProperty/>
                      <org.mule.common.metadata.field.property.dsql.DsqlOrderMetaDataFieldProperty/>
                      <org.mule.common.metadata.field.property.dsql.DsqlQueryOperatorsMetaDataFieldProperty>
                        <supportedOperators/>
                      </org.mule.common.metadata.field.property.dsql.DsqlQueryOperatorsMetaDataFieldProperty>
                    </properties>
                  </metaDataFieldPropertyManager>
                </org.mule.common.metadata.DefaultMetaDataField>
                <org.mule.common.metadata.DefaultMetaDataField>
                  <name>versionId</name>
                  <model class="org.mule.common.metadata.DefaultSimpleMetaDataModel">
                    <dataType>STRING</dataType>
                    <metaDataModelPropertiesManager>
                      <properties/>
                    </metaDataModelPropertiesManager>
                  </model>
                  <accessType>READ_WRITE</accessType>
                  <metaDataFieldPropertyManager>
                    <properties>
                      <org.mule.common.metadata.field.property.dsql.DsqlSelectMetaDataFieldProperty/>
                      <org.mule.common.metadata.field.property.dsql.DsqlWhereMetaDataFieldProperty/>
                      <org.mule.common.metadata.field.property.dsql.DsqlOrderMetaDataFieldProperty/>
                      <org.mule.common.metadata.field.property.dsql.DsqlQueryOperatorsMetaDataFieldProperty>
                        <supportedOperators>
                          <org.mule.common.query.expression.LessOperator/>
                          <org.mule.common.query.expression.LessOrEqualsOperator/>
                          <org.mule.common.query.expression.EqualsOperator/>
                          <org.mule.common.query.expression.GreaterOperator/>
                          <org.mule.common.query.expression.GreaterOrEqualsOperator/>
                          <org.mule.common.query.expression.NotEqualsOperator/>
                          <org.mule.common.query.expression.LikeOperator/>
                        </supportedOperators>
                      </org.mule.common.metadata.field.property.dsql.DsqlQueryOperatorsMetaDataFieldProperty>
                    </properties>
                  </metaDataFieldPropertyManager>
                </org.mule.common.metadata.DefaultMetaDataField>
              </fields>
              <clazzName>org.mule.module.s3.model.S3ObjectMetadata</clazzName>
              <isInterface>false</isInterface>
              <name>S3ObjectMetadata</name>
              <parentNames>
                <string>java.lang.Object</string>
                <string>java.io.Serializable</string>
              </parentNames>
            </model>
            <accessType>READ_WRITE</accessType>
            <metaDataFieldPropertyManager>
              <properties>
                <org.mule.common.metadata.field.property.dsql.DsqlSelectMetaDataFieldProperty/>
                <org.mule.common.metadata.field.property.dsql.DsqlWhereMetaDataFieldProperty/>
                <org.mule.common.metadata.field.property.dsql.DsqlOrderMetaDataFieldProperty/>
                <org.mule.common.metadata.field.property.dsql.DsqlQueryOperatorsMetaDataFieldProperty>
                  <supportedOperators/>
                </org.mule.common.metadata.field.property.dsql.DsqlQueryOperatorsMetaDataFieldProperty>
              </properties>
            </metaDataFieldPropertyManager>
          </org.mule.common.metadata.DefaultMetaDataField>
          <org.mule.common.metadata.DefaultMetaDataField>
            <name>redirectLocation</name>
            <model class="org.mule.common.metadata.DefaultSimpleMetaDataModel">
              <dataType>STRING</dataType>
              <metaDataModelPropertiesManager>
                <properties/>
              </metaDataModelPropertiesManager>
            </model>
            <accessType>READ_WRITE</accessType>
            <metaDataFieldPropertyManager>
              <properties>
                <org.mule.common.metadata.field.property.dsql.DsqlSelectMetaDataFieldProperty/>
                <org.mule.common.metadata.field.property.dsql.DsqlWhereMetaDataFieldProperty/>
                <org.mule.common.metadata.field.property.dsql.DsqlOrderMetaDataFieldProperty/>
                <org.mule.common.metadata.field.property.dsql.DsqlQueryOperatorsMetaDataFieldProperty>
                  <supportedOperators>
                    <org.mule.common.query.expression.LessOperator/>
                    <org.mule.common.query.expression.LessOrEqualsOperator/>
                    <org.mule.common.query.expression.EqualsOperator/>
                    <org.mule.common.query.expression.GreaterOperator/>
                    <org.mule.common.query.expression.GreaterOrEqualsOperator/>
                    <org.mule.common.query.expression.NotEqualsOperator/>
                    <org.mule.common.query.expression.LikeOperator/>
                  </supportedOperators>
                </org.mule.common.metadata.field.property.dsql.DsqlQueryOperatorsMetaDataFieldProperty>
              </properties>
            </metaDataFieldPropertyManager>
          </org.mule.common.metadata.DefaultMetaDataField>
          <org.mule.common.metadata.DefaultMetaDataField>
            <name>requesterCharged</name>
            <model class="org.mule.common.metadata.DefaultSimpleMetaDataModel">
              <dataType>BOOLEAN</dataType>
              <metaDataModelPropertiesManager>
                <properties/>
              </metaDataModelPropertiesManager>
            </model>
            <accessType>READ_WRITE</accessType>
            <metaDataFieldPropertyManager>
              <properties>
                <org.mule.common.metadata.field.property.dsql.DsqlSelectMetaDataFieldProperty/>
                <org.mule.common.metadata.field.property.dsql.DsqlWhereMetaDataFieldProperty/>
                <org.mule.common.metadata.field.property.dsql.DsqlOrderMetaDataFieldProperty/>
                <org.mule.common.metadata.field.property.dsql.DsqlQueryOperatorsMetaDataFieldProperty>
                  <supportedOperators class="java.util.Arrays$ArrayList">
                    <a class="org.mule.common.query.expression.Operator-array">
                      <org.mule.common.query.expression.EqualsOperator/>
                      <org.mule.common.query.expression.NotEqualsOperator/>
                    </a>
                  </supportedOperators>
                </org.mule.common.metadata.field.property.dsql.DsqlQueryOperatorsMetaDataFieldProperty>
              </properties>
            </metaDataFieldPropertyManager>
          </org.mule.common.metadata.DefaultMetaDataField>
        </fields>
        <clazzName>org.mule.module.s3.model.S3Object</clazzName>
        <isInterface>false</isInterface>
        <name>S3Object</name>
        <parentNames>
          <string>java.lang.AutoCloseable</string>
          <string>java.lang.Object</string>
          <string>java.io.Closeable</string>
        </parentNames>
      </org.mule.common.metadata.DefaultPojoMetaDataModel>
    </entry>
  </types>
  <connectorName>Amazon_S3__Configuration</connectorName>
</metadata__catalog__entry>