<custom__type__definition>
  <version>5.2.0.0</version>
  <typeName class="org.mule.common.metadata.DefaultMetaDataKey">
    <id>AWSMeta</id>
    <displayName>AWSMeta</displayName>
    <category>DEFAULT</category>
    <metaDataKeyPropertiesManager>
      <properties>
        <org.mule.common.metadata.key.property.dsql.DsqlFromMetaDataKeyProperty/>
      </properties>
    </metaDataKeyPropertiesManager>
  </typeName>
  <metadataModel class="org.mule.common.metadata.DefaultXmlMetaDataModel">
    <dataType>XML</dataType>
    <metaDataModelPropertiesManager>
      <properties>
        <org.mule.common.metadata.property.xml.SchemaTypeMetaDataProperty>
          <typeQName>
            <namespaceURI></namespaceURI>
            <localPart>BatchType</localPart>
            <prefix></prefix>
          </typeQName>
        </org.mule.common.metadata.property.xml.SchemaTypeMetaDataProperty>
        <org.mule.common.metadata.property.TextBasedExampleMetaDataModelProperty>
          <exampleContent>C:\Mule37Nov2016\Workspace\MuleAWS\src\main\resources\AWSMetaData.XML</exampleContent>
        </org.mule.common.metadata.property.TextBasedExampleMetaDataModelProperty>
        <org.mule.tooling.metadata.properties.DefinitionEditorModeType>
          <mode>EXAMPLE</mode>
          <path>src\main\resources\AWSMetaData.XML</path>
          <rootElement>Batch</rootElement>
        </org.mule.tooling.metadata.properties.DefinitionEditorModeType>
      </properties>
    </metaDataModelPropertiesManager>
    <fields>
      <org.mule.common.metadata.DefaultMetaDataField>
        <name>BatchID</name>
        <model class="org.mule.common.metadata.DefaultSimpleMetaDataModel">
          <dataType>INTEGER</dataType>
          <metaDataModelPropertiesManager>
            <properties>
              <org.mule.common.metadata.property.xml.SchemaTypeMetaDataProperty>
                <typeQName>
                  <namespaceURI>http://www.w3.org/2001/XMLSchema</namespaceURI>
                  <localPart>short</localPart>
                  <prefix></prefix>
                </typeQName>
              </org.mule.common.metadata.property.xml.SchemaTypeMetaDataProperty>
            </properties>
          </metaDataModelPropertiesManager>
        </model>
        <accessType>READ_WRITE</accessType>
        <metaDataFieldPropertyManager>
          <properties>
            <org.mule.common.metadata.property.QNameMetaDataProperty>
              <name>
                <namespaceURI></namespaceURI>
                <localPart>BatchID</localPart>
                <prefix></prefix>
              </name>
            </org.mule.common.metadata.property.QNameMetaDataProperty>
          </properties>
        </metaDataFieldPropertyManager>
      </org.mule.common.metadata.DefaultMetaDataField>
      <org.mule.common.metadata.DefaultMetaDataField>
        <name>BatchCreationDate</name>
        <model class="org.mule.common.metadata.DefaultSimpleMetaDataModel">
          <dataType>DATE_TIME</dataType>
          <metaDataModelPropertiesManager>
            <properties>
              <org.mule.common.metadata.property.xml.SchemaTypeMetaDataProperty>
                <typeQName>
                  <namespaceURI>http://www.w3.org/2001/XMLSchema</namespaceURI>
                  <localPart>dateTime</localPart>
                  <prefix></prefix>
                </typeQName>
              </org.mule.common.metadata.property.xml.SchemaTypeMetaDataProperty>
            </properties>
          </metaDataModelPropertiesManager>
        </model>
        <accessType>READ_WRITE</accessType>
        <metaDataFieldPropertyManager>
          <properties>
            <org.mule.common.metadata.property.QNameMetaDataProperty>
              <name>
                <namespaceURI></namespaceURI>
                <localPart>BatchCreationDate</localPart>
                <prefix></prefix>
              </name>
            </org.mule.common.metadata.property.QNameMetaDataProperty>
          </properties>
        </metaDataFieldPropertyManager>
      </org.mule.common.metadata.DefaultMetaDataField>
      <org.mule.common.metadata.DefaultMetaDataField>
        <name>NumDocuments</name>
        <model class="org.mule.common.metadata.DefaultSimpleMetaDataModel">
          <dataType>INTEGER</dataType>
          <metaDataModelPropertiesManager>
            <properties>
              <org.mule.common.metadata.property.xml.SchemaTypeMetaDataProperty>
                <typeQName>
                  <namespaceURI>http://www.w3.org/2001/XMLSchema</namespaceURI>
                  <localPart>byte</localPart>
                  <prefix></prefix>
                </typeQName>
              </org.mule.common.metadata.property.xml.SchemaTypeMetaDataProperty>
            </properties>
          </metaDataModelPropertiesManager>
        </model>
        <accessType>READ_WRITE</accessType>
        <metaDataFieldPropertyManager>
          <properties>
            <org.mule.common.metadata.property.QNameMetaDataProperty>
              <name>
                <namespaceURI></namespaceURI>
                <localPart>NumDocuments</localPart>
                <prefix></prefix>
              </name>
            </org.mule.common.metadata.property.QNameMetaDataProperty>
          </properties>
        </metaDataFieldPropertyManager>
      </org.mule.common.metadata.DefaultMetaDataField>
      <org.mule.common.metadata.DefaultMetaDataField>
        <name>NumPages</name>
        <model class="org.mule.common.metadata.DefaultSimpleMetaDataModel">
          <dataType>INTEGER</dataType>
          <metaDataModelPropertiesManager>
            <properties>
              <org.mule.common.metadata.property.xml.SchemaTypeMetaDataProperty>
                <typeQName reference="../../../../../../org.mule.common.metadata.DefaultMetaDataField[3]/model/metaDataModelPropertiesManager/properties/org.mule.common.metadata.property.xml.SchemaTypeMetaDataProperty/typeQName"/>
              </org.mule.common.metadata.property.xml.SchemaTypeMetaDataProperty>
            </properties>
          </metaDataModelPropertiesManager>
        </model>
        <accessType>READ_WRITE</accessType>
        <metaDataFieldPropertyManager>
          <properties>
            <org.mule.common.metadata.property.QNameMetaDataProperty>
              <name>
                <namespaceURI></namespaceURI>
                <localPart>NumPages</localPart>
                <prefix></prefix>
              </name>
            </org.mule.common.metadata.property.QNameMetaDataProperty>
          </properties>
        </metaDataFieldPropertyManager>
      </org.mule.common.metadata.DefaultMetaDataField>
      <org.mule.common.metadata.DefaultMetaDataField>
        <name>DocumentGroup</name>
        <model class="org.mule.common.metadata.DefaultXmlMetaDataModel">
          <dataType>XML</dataType>
          <metaDataModelPropertiesManager>
            <properties>
              <org.mule.common.metadata.property.xml.SchemaTypeMetaDataProperty>
                <typeQName>
                  <namespaceURI></namespaceURI>
                  <localPart>DocumentGroupType</localPart>
                  <prefix></prefix>
                </typeQName>
              </org.mule.common.metadata.property.xml.SchemaTypeMetaDataProperty>
            </properties>
          </metaDataModelPropertiesManager>
          <fields>
            <org.mule.common.metadata.DefaultMetaDataField>
              <name>Document</name>
              <model class="org.mule.common.metadata.DefaultListMetaDataModel">
                <dataType>LIST</dataType>
                <metaDataModelPropertiesManager>
                  <properties>
                    <org.mule.common.metadata.property.xml.SchemaTypeMetaDataProperty>
                      <typeQName>
                        <namespaceURI></namespaceURI>
                        <localPart>DocumentType</localPart>
                        <prefix></prefix>
                      </typeQName>
                    </org.mule.common.metadata.property.xml.SchemaTypeMetaDataProperty>
                    <org.mule.common.metadata.property.xml.UnboundMetaDataProperty>
                      <maxOccurs>2147483647</maxOccurs>
                      <minOccurs>0</minOccurs>
                    </org.mule.common.metadata.property.xml.UnboundMetaDataProperty>
                  </properties>
                </metaDataModelPropertiesManager>
                <model class="org.mule.common.metadata.DefaultXmlMetaDataModel">
                  <dataType>XML</dataType>
                  <metaDataModelPropertiesManager>
                    <properties/>
                  </metaDataModelPropertiesManager>
                  <fields>
                    <org.mule.common.metadata.DefaultMetaDataField>
                      <name>DocumentID</name>
                      <model class="org.mule.common.metadata.DefaultSimpleMetaDataModel">
                        <dataType>INTEGER</dataType>
                        <metaDataModelPropertiesManager>
                          <properties/>
                        </metaDataModelPropertiesManager>
                      </model>
                      <accessType>READ_WRITE</accessType>
                      <metaDataFieldPropertyManager>
                        <properties>
                          <org.mule.common.metadata.property.QNameMetaDataProperty>
                            <name>
                              <namespaceURI></namespaceURI>
                              <localPart>DocumentID</localPart>
                              <prefix></prefix>
                            </name>
                          </org.mule.common.metadata.property.QNameMetaDataProperty>
                        </properties>
                      </metaDataFieldPropertyManager>
                    </org.mule.common.metadata.DefaultMetaDataField>
                    <org.mule.common.metadata.DefaultMetaDataField>
                      <name>DocumentCode</name>
                      <model class="org.mule.common.metadata.DefaultSimpleMetaDataModel">
                        <dataType>STRING</dataType>
                        <metaDataModelPropertiesManager>
                          <properties>
                            <org.mule.common.metadata.property.xml.SchemaTypeMetaDataProperty>
                              <typeQName>
                                <namespaceURI>http://www.w3.org/2001/XMLSchema</namespaceURI>
                                <localPart>string</localPart>
                                <prefix></prefix>
                              </typeQName>
                            </org.mule.common.metadata.property.xml.SchemaTypeMetaDataProperty>
                          </properties>
                        </metaDataModelPropertiesManager>
                      </model>
                      <accessType>READ_WRITE</accessType>
                      <metaDataFieldPropertyManager>
                        <properties>
                          <org.mule.common.metadata.property.QNameMetaDataProperty>
                            <name>
                              <namespaceURI></namespaceURI>
                              <localPart>DocumentCode</localPart>
                              <prefix></prefix>
                            </name>
                          </org.mule.common.metadata.property.QNameMetaDataProperty>
                        </properties>
                      </metaDataFieldPropertyManager>
                    </org.mule.common.metadata.DefaultMetaDataField>
                    <org.mule.common.metadata.DefaultMetaDataField>
                      <name>NumPages</name>
                      <model class="org.mule.common.metadata.DefaultSimpleMetaDataModel">
                        <dataType>INTEGER</dataType>
                        <metaDataModelPropertiesManager>
                          <properties/>
                        </metaDataModelPropertiesManager>
                      </model>
                      <accessType>READ_WRITE</accessType>
                      <metaDataFieldPropertyManager>
                        <properties>
                          <org.mule.common.metadata.property.QNameMetaDataProperty>
                            <name>
                              <namespaceURI></namespaceURI>
                              <localPart>NumPages</localPart>
                              <prefix></prefix>
                            </name>
                          </org.mule.common.metadata.property.QNameMetaDataProperty>
                        </properties>
                      </metaDataFieldPropertyManager>
                    </org.mule.common.metadata.DefaultMetaDataField>
                    <org.mule.common.metadata.DefaultMetaDataField>
                      <name>MetaData</name>
                      <model class="org.mule.common.metadata.DefaultXmlMetaDataModel">
                        <dataType>XML</dataType>
                        <metaDataModelPropertiesManager>
                          <properties>
                            <org.mule.common.metadata.property.xml.SchemaTypeMetaDataProperty>
                              <typeQName>
                                <namespaceURI></namespaceURI>
                                <localPart>MetaDataType</localPart>
                                <prefix></prefix>
                              </typeQName>
                            </org.mule.common.metadata.property.xml.SchemaTypeMetaDataProperty>
                          </properties>
                        </metaDataModelPropertiesManager>
                        <fields>
                          <org.mule.common.metadata.DefaultMetaDataField>
                            <name>Data</name>
                            <model class="org.mule.common.metadata.DefaultListMetaDataModel">
                              <dataType>LIST</dataType>
                              <metaDataModelPropertiesManager>
                                <properties>
                                  <org.mule.common.metadata.property.xml.SchemaTypeMetaDataProperty>
                                    <typeQName>
                                      <namespaceURI></namespaceURI>
                                      <localPart>DataType</localPart>
                                      <prefix></prefix>
                                    </typeQName>
                                  </org.mule.common.metadata.property.xml.SchemaTypeMetaDataProperty>
                                  <org.mule.common.metadata.property.xml.UnboundMetaDataProperty>
                                    <maxOccurs>2147483647</maxOccurs>
                                    <minOccurs>0</minOccurs>
                                  </org.mule.common.metadata.property.xml.UnboundMetaDataProperty>
                                </properties>
                              </metaDataModelPropertiesManager>
                              <model class="org.mule.common.metadata.DefaultXmlMetaDataModel">
                                <dataType>XML</dataType>
                                <metaDataModelPropertiesManager>
                                  <properties/>
                                </metaDataModelPropertiesManager>
                                <fields>
                                  <org.mule.common.metadata.DefaultMetaDataField>
                                    <name>Name</name>
                                    <model class="org.mule.common.metadata.DefaultSimpleMetaDataModel">
                                      <dataType>STRING</dataType>
                                      <metaDataModelPropertiesManager>
                                        <properties/>
                                      </metaDataModelPropertiesManager>
                                    </model>
                                    <accessType>READ_WRITE</accessType>
                                    <metaDataFieldPropertyManager>
                                      <properties>
                                        <org.mule.common.metadata.property.QNameMetaDataProperty>
                                          <name>
                                            <namespaceURI></namespaceURI>
                                            <localPart>Name</localPart>
                                            <prefix></prefix>
                                          </name>
                                        </org.mule.common.metadata.property.QNameMetaDataProperty>
                                      </properties>
                                    </metaDataFieldPropertyManager>
                                  </org.mule.common.metadata.DefaultMetaDataField>
                                  <org.mule.common.metadata.DefaultMetaDataField>
                                    <name>Value</name>
                                    <model class="org.mule.common.metadata.DefaultSimpleMetaDataModel">
                                      <dataType>STRING</dataType>
                                      <metaDataModelPropertiesManager>
                                        <properties/>
                                      </metaDataModelPropertiesManager>
                                    </model>
                                    <accessType>READ_WRITE</accessType>
                                    <metaDataFieldPropertyManager>
                                      <properties>
                                        <org.mule.common.metadata.property.QNameMetaDataProperty>
                                          <name>
                                            <namespaceURI></namespaceURI>
                                            <localPart>Value</localPart>
                                            <prefix></prefix>
                                          </name>
                                        </org.mule.common.metadata.property.QNameMetaDataProperty>
                                      </properties>
                                    </metaDataFieldPropertyManager>
                                  </org.mule.common.metadata.DefaultMetaDataField>
                                </fields>
                                <rootElement>
                                  <namespaceURI></namespaceURI>
                                  <localPart>Batch</localPart>
                                  <prefix></prefix>
                                </rootElement>
                                <schemas class="org.mule.common.metadata.StringBasedSchemaProvider">
                                  <schemas>
                                    <string>&lt;xs:schema attributeFormDefault=&quot;unqualified&quot; elementFormDefault=&quot;qualified&quot; xmlns:xs=&quot;http://www.w3.org/2001/XMLSchema&quot;&gt;&#xd;
  &lt;xs:element name=&quot;Batch&quot; type=&quot;BatchType&quot;/&gt;&#xd;
  &lt;xs:complexType name=&quot;DataType&quot;&gt;&#xd;
    &lt;xs:sequence&gt;&#xd;
      &lt;xs:element name=&quot;Name&quot;&gt;&#xd;
        &lt;xs:simpleType&gt;&#xd;
          &lt;xs:restriction base=&quot;xs:string&quot;&gt;&#xd;
            &lt;xs:enumeration value=&quot;Classification&quot;/&gt;&#xd;
            &lt;xs:enumeration value=&quot;ClaimReference&quot;/&gt;&#xd;
            &lt;xs:enumeration value=&quot;TIFF01&quot;/&gt;&#xd;
            &lt;xs:enumeration value=&quot;PDFFilesize&quot;/&gt;&#xd;
            &lt;xs:enumeration value=&quot;IncidentDate&quot;/&gt;&#xd;
          &lt;/xs:restriction&gt;&#xd;
        &lt;/xs:simpleType&gt;&#xd;
      &lt;/xs:element&gt;&#xd;
      &lt;xs:element name=&quot;Value&quot;&gt;&#xd;
        &lt;xs:simpleType&gt;&#xd;
          &lt;xs:restriction base=&quot;xs:string&quot;&gt;&#xd;
            &lt;xs:enumeration value=&quot;ABR&quot;/&gt;&#xd;
            &lt;xs:enumeration value=&quot;99/999999&quot;/&gt;&#xd;
            &lt;xs:enumeration value=&quot;01053956-0001.TIF&quot;/&gt;&#xd;
            &lt;xs:enumeration value=&quot;344350&quot;/&gt;&#xd;
            &lt;xs:enumeration value=&quot;TSC&quot;/&gt;&#xd;
            &lt;xs:enumeration value=&quot;13201709&quot;/&gt;&#xd;
            &lt;xs:enumeration value=&quot;01053957-0001.TIF&quot;/&gt;&#xd;
            &lt;xs:enumeration value=&quot;188714&quot;/&gt;&#xd;
          &lt;/xs:restriction&gt;&#xd;
        &lt;/xs:simpleType&gt;&#xd;
      &lt;/xs:element&gt;&#xd;
    &lt;/xs:sequence&gt;&#xd;
  &lt;/xs:complexType&gt;&#xd;
  &lt;xs:complexType name=&quot;MetaDataType&quot;&gt;&#xd;
    &lt;xs:sequence&gt;&#xd;
      &lt;xs:element type=&quot;DataType&quot; name=&quot;Data&quot; maxOccurs=&quot;unbounded&quot; minOccurs=&quot;0&quot;/&gt;&#xd;
    &lt;/xs:sequence&gt;&#xd;
  &lt;/xs:complexType&gt;&#xd;
  &lt;xs:complexType name=&quot;BatchType&quot;&gt;&#xd;
    &lt;xs:sequence&gt;&#xd;
      &lt;xs:element type=&quot;xs:short&quot; name=&quot;BatchID&quot;/&gt;&#xd;
      &lt;xs:element type=&quot;xs:dateTime&quot; name=&quot;BatchCreationDate&quot;/&gt;&#xd;
      &lt;xs:element type=&quot;xs:byte&quot; name=&quot;NumDocuments&quot;/&gt;&#xd;
      &lt;xs:element type=&quot;xs:byte&quot; name=&quot;NumPages&quot;/&gt;&#xd;
      &lt;xs:element type=&quot;DocumentGroupType&quot; name=&quot;DocumentGroup&quot;/&gt;&#xd;
    &lt;/xs:sequence&gt;&#xd;
  &lt;/xs:complexType&gt;&#xd;
  &lt;xs:complexType name=&quot;DocumentType&quot;&gt;&#xd;
    &lt;xs:sequence&gt;&#xd;
      &lt;xs:element name=&quot;DocumentID&quot;&gt;&#xd;
        &lt;xs:simpleType&gt;&#xd;
          &lt;xs:restriction base=&quot;xs:int&quot;&gt;&#xd;
            &lt;xs:enumeration value=&quot;302310&quot;/&gt;&#xd;
            &lt;xs:enumeration value=&quot;302311&quot;/&gt;&#xd;
          &lt;/xs:restriction&gt;&#xd;
        &lt;/xs:simpleType&gt;&#xd;
      &lt;/xs:element&gt;&#xd;
      &lt;xs:element type=&quot;xs:string&quot; name=&quot;DocumentCode&quot;/&gt;&#xd;
      &lt;xs:element name=&quot;NumPages&quot;&gt;&#xd;
        &lt;xs:simpleType&gt;&#xd;
          &lt;xs:restriction base=&quot;xs:byte&quot;&gt;&#xd;
            &lt;xs:enumeration value=&quot;4&quot;/&gt;&#xd;
            &lt;xs:enumeration value=&quot;2&quot;/&gt;&#xd;
          &lt;/xs:restriction&gt;&#xd;
        &lt;/xs:simpleType&gt;&#xd;
      &lt;/xs:element&gt;&#xd;
      &lt;xs:element type=&quot;MetaDataType&quot; name=&quot;MetaData&quot;/&gt;&#xd;
      &lt;xs:element name=&quot;FilePath&quot;&gt;&#xd;
        &lt;xs:simpleType&gt;&#xd;
          &lt;xs:restriction base=&quot;xs:string&quot;&gt;&#xd;
            &lt;xs:enumeration value=&quot;01053956.PDF&quot;/&gt;&#xd;
            &lt;xs:enumeration value=&quot;01053957.PDF&quot;/&gt;&#xd;
          &lt;/xs:restriction&gt;&#xd;
        &lt;/xs:simpleType&gt;&#xd;
      &lt;/xs:element&gt;&#xd;
      &lt;xs:element type=&quot;xs:string&quot; name=&quot;DeliveryType&quot;/&gt;&#xd;
    &lt;/xs:sequence&gt;&#xd;
  &lt;/xs:complexType&gt;&#xd;
  &lt;xs:complexType name=&quot;DocumentGroupType&quot;&gt;&#xd;
    &lt;xs:sequence&gt;&#xd;
      &lt;xs:element type=&quot;DocumentType&quot; name=&quot;Document&quot; maxOccurs=&quot;unbounded&quot; minOccurs=&quot;0&quot;/&gt;&#xd;
    &lt;/xs:sequence&gt;&#xd;
  &lt;/xs:complexType&gt;&#xd;
&lt;/xs:schema&gt;</string>
                                  </schemas>
                                  <encoding>UTF-8</encoding>
                                </schemas>
                                <namespaceManager>
                                  <namespacePrefix/>
                                </namespaceManager>
                              </model>
                              <isArray>false</isArray>
                            </model>
                            <accessType>READ_WRITE</accessType>
                            <metaDataFieldPropertyManager>
                              <properties>
                                <org.mule.common.metadata.property.QNameMetaDataProperty>
                                  <name>
                                    <namespaceURI></namespaceURI>
                                    <localPart>Data</localPart>
                                    <prefix></prefix>
                                  </name>
                                </org.mule.common.metadata.property.QNameMetaDataProperty>
                              </properties>
                            </metaDataFieldPropertyManager>
                          </org.mule.common.metadata.DefaultMetaDataField>
                        </fields>
                        <rootElement reference="../fields/org.mule.common.metadata.DefaultMetaDataField/model/model/rootElement"/>
                        <schemas class="org.mule.common.metadata.StringBasedSchemaProvider" reference="../fields/org.mule.common.metadata.DefaultMetaDataField/model/model/schemas"/>
                        <namespaceManager reference="../fields/org.mule.common.metadata.DefaultMetaDataField/model/model/namespaceManager"/>
                      </model>
                      <accessType>READ_WRITE</accessType>
                      <metaDataFieldPropertyManager>
                        <properties>
                          <org.mule.common.metadata.property.QNameMetaDataProperty>
                            <name>
                              <namespaceURI></namespaceURI>
                              <localPart>MetaData</localPart>
                              <prefix></prefix>
                            </name>
                          </org.mule.common.metadata.property.QNameMetaDataProperty>
                        </properties>
                      </metaDataFieldPropertyManager>
                    </org.mule.common.metadata.DefaultMetaDataField>
                    <org.mule.common.metadata.DefaultMetaDataField>
                      <name>FilePath</name>
                      <model class="org.mule.common.metadata.DefaultSimpleMetaDataModel">
                        <dataType>STRING</dataType>
                        <metaDataModelPropertiesManager>
                          <properties/>
                        </metaDataModelPropertiesManager>
                      </model>
                      <accessType>READ_WRITE</accessType>
                      <metaDataFieldPropertyManager>
                        <properties>
                          <org.mule.common.metadata.property.QNameMetaDataProperty>
                            <name>
                              <namespaceURI></namespaceURI>
                              <localPart>FilePath</localPart>
                              <prefix></prefix>
                            </name>
                          </org.mule.common.metadata.property.QNameMetaDataProperty>
                        </properties>
                      </metaDataFieldPropertyManager>
                    </org.mule.common.metadata.DefaultMetaDataField>
                    <org.mule.common.metadata.DefaultMetaDataField>
                      <name>DeliveryType</name>
                      <model class="org.mule.common.metadata.DefaultSimpleMetaDataModel">
                        <dataType>STRING</dataType>
                        <metaDataModelPropertiesManager>
                          <properties>
                            <org.mule.common.metadata.property.xml.SchemaTypeMetaDataProperty>
                              <typeQName reference="../../../../../../org.mule.common.metadata.DefaultMetaDataField[2]/model/metaDataModelPropertiesManager/properties/org.mule.common.metadata.property.xml.SchemaTypeMetaDataProperty/typeQName"/>
                            </org.mule.common.metadata.property.xml.SchemaTypeMetaDataProperty>
                          </properties>
                        </metaDataModelPropertiesManager>
                      </model>
                      <accessType>READ_WRITE</accessType>
                      <metaDataFieldPropertyManager>
                        <properties>
                          <org.mule.common.metadata.property.QNameMetaDataProperty>
                            <name>
                              <namespaceURI></namespaceURI>
                              <localPart>DeliveryType</localPart>
                              <prefix></prefix>
                            </name>
                          </org.mule.common.metadata.property.QNameMetaDataProperty>
                        </properties>
                      </metaDataFieldPropertyManager>
                    </org.mule.common.metadata.DefaultMetaDataField>
                  </fields>
                  <rootElement reference="../fields/org.mule.common.metadata.DefaultMetaDataField[4]/model/fields/org.mule.common.metadata.DefaultMetaDataField/model/model/rootElement"/>
                  <schemas class="org.mule.common.metadata.StringBasedSchemaProvider" reference="../fields/org.mule.common.metadata.DefaultMetaDataField[4]/model/fields/org.mule.common.metadata.DefaultMetaDataField/model/model/schemas"/>
                  <namespaceManager reference="../fields/org.mule.common.metadata.DefaultMetaDataField[4]/model/fields/org.mule.common.metadata.DefaultMetaDataField/model/model/namespaceManager"/>
                </model>
                <isArray>false</isArray>
              </model>
              <accessType>READ_WRITE</accessType>
              <metaDataFieldPropertyManager>
                <properties>
                  <org.mule.common.metadata.property.QNameMetaDataProperty>
                    <name>
                      <namespaceURI></namespaceURI>
                      <localPart>Document</localPart>
                      <prefix></prefix>
                    </name>
                  </org.mule.common.metadata.property.QNameMetaDataProperty>
                </properties>
              </metaDataFieldPropertyManager>
            </org.mule.common.metadata.DefaultMetaDataField>
          </fields>
          <rootElement reference="../fields/org.mule.common.metadata.DefaultMetaDataField/model/model/fields/org.mule.common.metadata.DefaultMetaDataField[4]/model/fields/org.mule.common.metadata.DefaultMetaDataField/model/model/rootElement"/>
          <schemas class="org.mule.common.metadata.StringBasedSchemaProvider" reference="../fields/org.mule.common.metadata.DefaultMetaDataField/model/model/fields/org.mule.common.metadata.DefaultMetaDataField[4]/model/fields/org.mule.common.metadata.DefaultMetaDataField/model/model/schemas"/>
          <namespaceManager reference="../fields/org.mule.common.metadata.DefaultMetaDataField/model/model/fields/org.mule.common.metadata.DefaultMetaDataField[4]/model/fields/org.mule.common.metadata.DefaultMetaDataField/model/model/namespaceManager"/>
        </model>
        <accessType>READ_WRITE</accessType>
        <metaDataFieldPropertyManager>
          <properties>
            <org.mule.common.metadata.property.QNameMetaDataProperty>
              <name>
                <namespaceURI></namespaceURI>
                <localPart>DocumentGroup</localPart>
                <prefix></prefix>
              </name>
            </org.mule.common.metadata.property.QNameMetaDataProperty>
          </properties>
        </metaDataFieldPropertyManager>
      </org.mule.common.metadata.DefaultMetaDataField>
    </fields>
    <rootElement reference="../fields/org.mule.common.metadata.DefaultMetaDataField[5]/model/fields/org.mule.common.metadata.DefaultMetaDataField/model/model/fields/org.mule.common.metadata.DefaultMetaDataField[4]/model/fields/org.mule.common.metadata.DefaultMetaDataField/model/model/rootElement"/>
    <schemas class="org.mule.common.metadata.StringBasedSchemaProvider">
      <schemas reference="../../fields/org.mule.common.metadata.DefaultMetaDataField[5]/model/fields/org.mule.common.metadata.DefaultMetaDataField/model/model/fields/org.mule.common.metadata.DefaultMetaDataField[4]/model/fields/org.mule.common.metadata.DefaultMetaDataField/model/model/schemas/schemas"/>
      <encoding reference="../../fields/org.mule.common.metadata.DefaultMetaDataField[5]/model/fields/org.mule.common.metadata.DefaultMetaDataField/model/model/fields/org.mule.common.metadata.DefaultMetaDataField[4]/model/fields/org.mule.common.metadata.DefaultMetaDataField/model/model/schemas/encoding"/>
    </schemas>
    <namespaceManager reference="../fields/org.mule.common.metadata.DefaultMetaDataField[5]/model/fields/org.mule.common.metadata.DefaultMetaDataField/model/model/fields/org.mule.common.metadata.DefaultMetaDataField[4]/model/fields/org.mule.common.metadata.DefaultMetaDataField/model/model/namespaceManager"/>
  </metadataModel>
</custom__type__definition>