<?xml version="1.0" encoding="Windows-1252"?>
<Batch>
  <BatchID>65009</BatchID>
  <BatchCreationDate>2014-12-01T09:03:56+02:00</BatchCreationDate>
  <NumDocuments>7</NumDocuments>
  <NumPages>28</NumPages>
  <DocumentGroup>
    <Document>
      <DocumentID>782804</DocumentID>
      <DocumentCode>Claims</DocumentCode>
      <NumPages>3</NumPages>
      <MetaData>
        <Data>
          <Name>Classification</Name>
          <Value>AIC</Value>
        </Data>
        <Data>
          <Name>ClaimReference</Name>
          <Value>ICE2013/00001218</Value>
        </Data>
        <Data>
          <Name>TIFF01</Name>
          <Value>01463158-0001.TIF</Value>
        </Data>
        <Data>
          <Name>PDFFilesize</Name>
          <Value>199110</Value>
        </Data>
      </MetaData>
      <FilePath>01463158.PDF</FilePath>
      <DeliveryType>Email</DeliveryType>
    </Document>
    <Document>
      <DocumentID>782805</DocumentID>
      <DocumentCode>Claims</DocumentCode>
      <NumPages>1</NumPages>
      <MetaData>
	<Data>
          <Name>ClaimReference</Name>
          <Value>ICE9999/01000641</Value>
        </Data>
        <Data>
          <Name>Classification</Name>
          <Value>TIC</Value>
        </Data>
        <Data>
          <Name>VRN</Name>
          <Value>AO08ZSW</Value>
        </Data>
        <Data>
          <Name>IncidentDate</Name>
          <Value>14202111</Value>
        </Data>
        <Data>
          <Name>TIFF01</Name>
          <Value>01463159-0001.TIF</Value>
        </Data>
        <Data>
          <Name>PDFFilesize</Name>
          <Value>80577</Value>
        </Data>
      </MetaData>
      <FilePath>01463159.PDF</FilePath>
      <DeliveryType>Email</DeliveryType>
    </Document>
    <Document>
      <DocumentID>782806</DocumentID>
      <DocumentCode>Claims</DocumentCode>
      <NumPages>10</NumPages>
      <MetaData>
        <Data>
          <Name>Classification</Name>
          <Value>TMR</Value>
        </Data>
        <Data>
          <Name>ClaimReference</Name>
          <Value>ICE2012/01000125</Value>
        </Data>
        <Data>
          <Name>TIFF01</Name>
          <Value>0146315A-0001.TIF</Value>
        </Data>
        <Data>
          <Name>PDFFilesize</Name>
          <Value>487834</Value>
        </Data>
      </MetaData>
      <FilePath>0146315A.PDF</FilePath>
      <DeliveryType>Email</DeliveryType>
    </Document>
    <Document>
      <DocumentID>782807</DocumentID>
      <DocumentCode>Claims</DocumentCode>
      <NumPages>5</NumPages>
      <MetaData>
	<Data>
          <Name>ClaimReference</Name>
          <Value>ICE2013/01000563</Value>
        </Data>
        <Data>
          <Name>Classification</Name>
          <Value>TSC</Value>
        </Data>
        <Data>
          <Name>ClaimReference</Name>
          <Value>ICE2013/01000068</Value>
        </Data>
        <Data>
          <Name>IncidentDate</Name>
          <Value>11201908</Value>
        </Data>
        <Data>
          <Name>TIFF01</Name>
          <Value>0146315B-0001.TIF</Value>
        </Data>
        <Data>
          <Name>PDFFilesize</Name>
          <Value>827283</Value>
        </Data>
      </MetaData>
      <FilePath>0146315B.PDF</FilePath>
      <DeliveryType>Email</DeliveryType>
    </Document>
    <Document>
      <DocumentID>782808</DocumentID>
      <DocumentCode>Claims</DocumentCode>
      <NumPages>2</NumPages>
      <MetaData>
        <Data>
          <Name>Classification</Name>
          <Value>TSC</Value>
        </Data>
        <Data>
          <Name>ClaimReference</Name>
          <Value>ICE2013/01000068</Value>
        </Data>
        <Data>
          <Name>TIFF01</Name>
          <Value>0146315C-0001.TIF</Value>
        </Data>
        <Data>
          <Name>PDFFilesize</Name>
          <Value>120879</Value>
        </Data>
      </MetaData>
      <FilePath>0146315C.PDF</FilePath>
      <DeliveryType>Email</DeliveryType>
    </Document>
    <Document>
      <DocumentID>782809</DocumentID>
      <DocumentCode>Claims</DocumentCode>
      <NumPages>3</NumPages>
      <MetaData>
        <Data>
          <Name>Classification</Name>
          <Value>TIC</Value>
        </Data>
        <Data>
          <Name>ClaimReference</Name>
          <Value>ICE2014/01000720</Value>
        </Data>
        <Data>
          <Name>PolicyNumber</Name>
          <Value>001805759</Value>
        </Data>
        <Data>
          <Name>VRN</Name>
          <Value>MK60WTU</Value>
        </Data>
        <Data>
          <Name>IncidentDate</Name>
          <Value>12201410</Value>
        </Data>
        <Data>
          <Name>TIFF01</Name>
          <Value>0146315D-0001.TIF</Value>
        </Data>
        <Data>
          <Name>PDFFilesize</Name>
          <Value>90768</Value>
        </Data>
      </MetaData>
      <FilePath>0146315D.PDF</FilePath>
      <DeliveryType>Email</DeliveryType>
    </Document>
    <Document>
      <DocumentID>782810</DocumentID>
      <DocumentCode>Claims</DocumentCode>
      <NumPages>4</NumPages>
      <MetaData>
        <Data>
          <Name>Classification</Name>
          <Value>TSC</Value>
        </Data>
        <Data>
          <Name>ClaimReference</Name>
          <Value>ICE2013/01000706</Value>
        </Data>
        <Data>
          <Name>TIFF01</Name>
          <Value>0146315E-0001.TIF</Value>
        </Data>
        <Data>
          <Name>PDFFilesize</Name>
          <Value>225812</Value>
        </Data>
      </MetaData>
      <FilePath>0146315E.PDF</FilePath>
      <DeliveryType>Email</DeliveryType>
    </Document>
  </DocumentGroup>
</Batch>
