<?xml version="1.0" encoding="Windows-1252"?>
<Batch>
  <BatchID>16682</BatchID>
  <BatchCreationDate>2014-03-12T08:52:06+02:00</BatchCreationDate>
  <NumDocuments>2</NumDocuments>
  <NumPages>6</NumPages>
  <DocumentGroup>
    <Document>
      <DocumentID>302310</DocumentID>
      <DocumentCode>Claims</DocumentCode>
      <NumPages>4</NumPages>
      <MetaData>
        <Data>
          <Name>Classification</Name>
          <Value>ABR</Value>
        </Data>
        <Data>
          <Name>ClaimReference</Name>
          <Value>99/999999</Value>
        </Data>
        <Data>
          <Name>TIFF01</Name>
          <Value>01053956-0001.TIF</Value>
        </Data>
        <Data>
          <Name>PDFFilesize</Name>
          <Value>344350</Value>
        </Data>
      </MetaData>
      <FilePath>01053956.PDF</FilePath>
      <DeliveryType>Email</DeliveryType>
    </Document>
    <Document>
      <DocumentID>302311</DocumentID>
      <DocumentCode>Claims</DocumentCode>
      <NumPages>2</NumPages>
      <MetaData>
        <Data>
          <Name>Classification</Name>
          <Value>TSC</Value>
        </Data>
        <Data>
          <Name>ClaimReference</Name>
          <Value>99/999999</Value>
        </Data>
        <Data>
          <Name>IncidentDate</Name>
          <Value>13201709</Value>
        </Data>
        <Data>
          <Name>TIFF01</Name>
          <Value>01053957-0001.TIF</Value>
        </Data>
        <Data>
          <Name>PDFFilesize</Name>
          <Value>188714</Value>
        </Data>
      </MetaData>
      <FilePath>01053957.PDF</FilePath>
      <DeliveryType>Email</DeliveryType>
    </Document>
  </DocumentGroup>
</Batch>
